Path,Severity,Anomaly Score
level_0_test/46af7496-327e-4f5d-ada2-b052ada8fb36.png,0,
level_0_test/NORMAL2-IM-0401-0001.png,0,
level_0_test/IM-0766-0001.png,0,
level_0_test/IM-0691-0001.png,0,
level_0_test/NORMAL2-IM-0496-0001.png,0,
level_0_test/NORMAL2-IM-0684-0001-0001.png,0,
level_0_test/44f25bee-b705-4e42-a599-abb8a9ec9221.png,0,
level_0_test/0964504e-56bf-42b2-bca7-0147fb2c1358.png,0,
level_0_test/NORMAL2-IM-0967-0001.png,0,
level_0_test/NORMAL2-IM-0129-0001.png,0,
level_0_test/3c6afc4b-f292-4064-ae8b-06d3439d1d27.png,0,
level_0_test/NORMAL2-IM-1142-0001-0001.png,0,
level_0_test/4769fa12-e694-48ce-ad4e-0628e5dd75f0.png,0,
level_0_test/4b004c64-d809-4309-9840-bdf38aaed74a.png,0,
level_0_test/IM-0382-0001.png,0,
level_0_test/33dbca25-e1c9-4bcf-a8a7-4fa716e8a53a.png,0,
level_0_test/IM-0439-0001.png,0,
level_0_test/IM-0069-0001.png,0,
level_0_test/0716f059-34cb-4046-ae86-46b47756fc2b.png,0,
level_0_test/33ef7198-c976-4bb9-82ba-9ed9a73350ac.png,0,
level_0_test/449c2ba1-7948-4039-8b60-2511194b7426.png,0,
level_0_test/IM-0605-0001.png,0,
level_0_test/NORMAL2-IM-0648-0001.png,0,
level_0_test/3a54fc42-0d7a-460e-8f19-2e353a01795a.png,0,
level_0_test/NORMAL2-IM-1237-0001.png,0,
level_0_test/IM-0523-0001-0003.png,0,
level_0_test/IM-0582-0001.png,0,
level_0_test/379ead0e-f5dc-435b-aea0-3cc8e808de11.png,0,
level_0_test/1847b55c-2fed-494c-8d76-7f76630ba39f.png,0,
level_0_test/IM-0430-0001.png,0,
level_0_test/NORMAL2-IM-0312-0001.png,0,
level_0_test/39c9fa1b-d758-4985-86cc-ad6e8f5f2171.png,0,
level_0_test/NORMAL2-IM-1176-0001.png,0,
level_0_test/33596fbb-e758-4e0b-83ec-3b8b7faeae6c.png,0,
level_0_test/338b6023-f922-4ac8-b54b-8e8637fb0fe8.png,0,
level_0_test/NORMAL2-IM-0974-0001.png,0,
level_0_test/NORMAL2-IM-0853-0001.png,0,
level_0_test/15c262ab-4ec6-4b19-8172-3aaf662e05c3.png,0,
level_0_test/NORMAL2-IM-0601-0001.png,0,
level_0_test/NORMAL2-IM-0942-0001.png,0,
level_0_test/NORMAL2-IM-1328-0001.png,0,
level_0_test/IM-0350-0001.png,0,
level_0_test/4572eb1c-0810-48c5-aa40-3c3b7b15bc4f.png,0,
level_0_test/3c3f7a08-29c4-4773-8ae1-e32418e018c9.png,0,
level_0_test/3537a092-af77-448a-9cfb-f28903403012.png,0,
level_0_test/3b31cd2d-db9f-4671-8adc-c41203f013ae.png,0,
level_0_test/40f55d75-0e89-4392-a32c-84ff66530a4a.png,0,
level_0_test/07aeb82e-773b-4498-95c0-fabdf4985bb2.png,0,
level_0_test/NORMAL2-IM-0682-0001.png,0,
level_0_test/NORMAL2-IM-1319-0001.png,0,
level_0_test/NORMAL2-IM-1344-0001.png,0,
level_0_test/NORMAL2-IM-1164-0001.png,0,
level_0_test/NORMAL2-IM-0130-0001.png,0,
level_0_test/IM-0561-0001.png,0,
level_0_test/NORMAL2-IM-0567-0001.png,0,
level_0_test/15b84543-6888-481e-bdb1-f177de3d1f14.png,0,
level_0_test/36a7f067-ace1-4aa2-baba-c1b401354156.png,0,
level_0_test/09794a15-ea37-41f8-8a0e-a56a9a93eaa6.png,0,
level_0_test/NORMAL2-IM-0890-0001.png,0,
level_0_test/NORMAL2-IM-0102-0001.png,0,
level_0_test/4b2202b8-450a-4ad4-bc23-cae89f7fcbd1.png,0,
level_0_test/IM-0637-0001.png,0,
level_0_test/IM-0227-0001.png,0,
level_0_test/31df0417-e221-44e1-8629-34a3f0b01d35.png,0,
level_0_test/3c1e9e21-6e14-4ef7-a4ba-be8588e527ff.png,0,
level_0_test/NORMAL2-IM-0410-0001.png,0,
level_0_test/NORMAL2-IM-0966-0001.png,0,
level_0_test/06a2ae98-575c-40c3-a32b-d0c80fee06c5.png,0,
level_0_test/12e124f0-b4dc-4097-96b5-b430c38c14e4.png,0,
level_0_test/490bfbde-9177-4544-bc0b-f5b33d3f6bb5.png,0,
level_0_test/IM-0529-0001.png,0,
level_0_test/07755c77-1391-49f1-8fdb-832082887aec.png,0,
level_0_test/32f38c16-cd6b-42f0-8a20-68115d2ce57f.png,0,
level_0_test/NORMAL2-IM-0335-0001.png,0,
level_0_test/NORMAL2-IM-0237-0001.png,0,
level_0_test/IM-0351-0001.png,0,
level_0_test/NORMAL2-IM-0478-0001.png,0,
level_0_test/NORMAL2-IM-0871-0001.png,0,
level_0_test/3bbe6098-7c9b-4f17-ac6b-e0c68b0e0af2.png,0,
level_0_test/403f65d5-6590-4cee-8b94-134683648f09.png,0,
level_0.5/16892_2_1.png,0.5,
level_0.5/87d50e40.jpg,0.5,
level_0.5/88de9d8c39e946abd495b37cd07d89e5-0666-0.jpg,0.5,
level_0.5/53c9be49.jpg,0.5,
level_0.5/1-s2.0-S1931312820301852-gr1_lrg-c.png,0.5,
level_1.0/COVID-19(138).png,1,
level_1.0/10.1016-slash-j.hrcr.2020.04.015-b.png,1,
level_1.0/COVID-19 (64).png,1,
level_1.0/COVID-19 (59).png,1,
level_1.0/296_2020_4584_Fig2_HTML-a.png,1,
level_1.0/covid-19-pneumonia-44-day-0.jpeg,1,
level_1.0/58cb9263f16e94305c730685358e4e_jumbo.jpeg,1,
level_1.0/4c0fcf57.jpg,1,
level_1.0/a2eba651.jpg,1,
level_1.0/f6575117.jpg,1,
level_1.0/wong-0002.jpg,1,
level_1.0/COVID-19(185).png,1,
level_1.0/61bc50d1.jpg,1,
level_1.0/COVID-19 (39).png,1,
level_1.0/1.CXRCTThoraximagesofCOVID-19fromSingapore.pdf-002-fig3a.png,1,
level_1.0/16745_5_1.png,1,
level_1.0/11547_2020_1200_Fig3_HTML-a.png,1,
level_1.0/1-s2.0-S0378603X1500248X-gr2a.jpg,1,
level_1.0/DX.1.2.840.113564.1722810162.20200326160333805210.1203801020003.png.bmp,1,
level_1.0/16865_1_1.jpg,1,
level_1.0/10.1016-slash-j.crad.2020.04.002-b.png,1,
level_1.0/16691_1_1.jpg,1,
level_1.0/nejmoa2001191_f5-PA.jpeg,1,
level_1.0/SARS-10.1148rg.242035193-g04mr34g05x-Fig5-day9.jpeg,1,
level_1.0/82a78c13.jpg,1,
level_1.0/1.CXRCTThoraximagesofCOVID-19fromSingapore.pdf-000-fig1a.png,1,
level_1.0/nejmoa2001191_f4.jpeg,1,
level_1.0/COVID-19 (11).png,1,
level_1.0/COVID-19 (20).png,1,
level_1.0/radiol.2020201160.fig2a.jpeg,1,
level_1.0/covid-19-caso-95-3-14.png,1,
level_1.0/E1724330-1866-4581-8CD8-CEC9B8AFEDDE.jpeg,1,
level_1.0/f6d980a0.jpg,1,
level_1.0/figure1-5e75d0940b71e1b702629659-98-right.jpeg,1,
level_1.0/CR.1.2.840.113564.1722810170.20200326010813390400.1003000225002.png,1,
level_1.0/COVID-19(177).png,1,
level_1.0/16654_1_1.png,1,
level_1.0/COVID-19 (63).png,1,
level_1.0/296_2020_4584_Fig2_HTML-b.png,1,
level_1.0/COVID-19 (47).png,1,
level_1.0/figure1-5e7c1b8d98c29ab001275405-98-later.jpeg,1,
level_1.0/ryct.2020200028.fig1a.jpeg,1,
level_1.0/296_2020_4584_Fig2_HTML-c.png,1,
level_1.0/DX.1.2.840.113564.1722810162.202004081114029075.1203801020003.png.bmp,1,
level_1.0/COVID-19 (91).png,1,
level_1.0/8FDE8DBA-CFBD-4B4C-B1A4-6F36A93B7E87.jpeg,1,
level_1.0/nejmoa2001191_f1-PA.jpeg,1,
level_1.0/8da14fff.jpg,1,
level_1.0/COVID-19 (43).png,1,
level_1.0/kjr-21-e24-g003-l-a.jpg,1,
level_1.0/COVID-19 (89).png,1,
level_1.0/1.CXRCTThoraximagesofCOVID-19fromSingapore.pdf-001-fig2b.png,1,
level_1.0/40779_2020_233_Fig2_HTML-a.png,1,
level_1.0/SARS-10.1148rg.242035193-g04mr34g04a-Fig4a-day7.jpeg,1,
level_1.0/ryct.2020200034.fig5-day0.jpeg,1,
level_1.0/1-s2.0-S2214250920300706-gr1_lrg.jpg,1,
level_1.0/1-s2.0-S1684118220300372-gr1_lrg-a.png,1,
level_1.0/radiol.2020201160.fig3c.jpeg,1,
level_1.0/SARS-10.1148rg.242035193-g04mr34g04b-Fig4b-day12.jpeg,1,
level_1.0/wong-0000.jpg,1,
level_1.0/COVID-19 (54).png,1,
level_1.0/1-s2.0-S0378603X1500248X-gr3b.jpg,1,
level_1.0/post-intubuation-pneumomediastium-and-pneumothorax-background-covid-19-pneumonia-day6-1.jpg,1,
level_1.0/COVID-19 (19).png,1,
level_1.0/nejmoa2001191_f3-PA.jpeg,1,
level_1.0/16953_3_1.jpg,1,
level_1.0/16953_5_1.jpg,1,
level_1.0/11547_2020_1203_Fig2_HTML-a.png,1,
level_1.0/701_2020_4374_Fig2_HTML.png,1,
level_1.0/1-s2.0-S0378603X1500248X-gr3a.jpg,1,
level_1.0/radiol.2020201160.fig2b.jpeg,1,
level_1.0/COVID-19 (42).png,1,
level_1.0/COVID-19 (28).png,1,
level_1.0/80b5f00f.jpg,1,
level_1.0/covid-19-caso-91-1-12.png,1,
level_1.0/COVID-19(192).png,1,
level_1.0/DX.1.2.840.113564.1722810162.20200326123552855170.1203801020003.png.bmp,1,
level_1.0/figure1-5e7c1b8d98c29ab001275405-98.jpeg,1,
level_1.0/COVID-19 (10).png,1,
level_1.0/COVID-19 (87).png,1,
level_1.0/f64132c8.jpg,1,
level_1.0/COVID-19 (83).png,1,
level_1.0/COVID-19 (72).png,1,
level_1.0/1.CXRCTThoraximagesofCOVID-19fromSingapore.pdf-000-fig1b.png,1,
level_1.0/1-s2.0-S1684118220300682-main.pdf-003-b1.png,1,
level_1.0/DX.1.2.840.113564.1722810162.202004081114029075.1203801020003.png,1,
level_1.0/nejmc2001573_f1b.jpeg,1,
level_1.0/COVID-19 (78).png,1,
level_1.0/9fdd3c3032296fd04d2cad5d9070d4_jumbo.jpeg,1,
level_1.0/1d435a4b.jpg,1,
level_1.0/24035bda.jpg,1,
level_1.5/DX.1.2.840.113564.1722810162.20200325125743092120.1203801020003.png.bmp,1.5,
level_1.5/10.1016-slash-j.hrcr.2020.04.015-fig3-b.png,1.5,
level_1.5/5acb8ac5.jpg,1.5,
level_1.5/COVID-19(154).png,1.5,
level_1.5/441c9cdd.jpg,1.5,
level_1.5/cb706009.jpg,1.5,
level_1.5/CD50BA96-6982-4C80-AE7B-5F67ACDBFA56.jpeg,1.5,
level_1.5/19abe1f3.jpg,1.5,
level_1.5/2168a917.jpg,1.5,
level_1.5/5931B64A-7B97-485D-BE60-3F1EA76BC4F0.jpeg,1.5,
level_1.5/CR.1.2.840.113564.1722810170.20200320170359875720.1003000225002.png,1.5,
level_1.5/12941_2020_358_Fig1_HTML.jpg,1.5,
level_1.5/9d36404d.jpg,1.5,
level_1.5/16745_7_1.png,1.5,
level_1.5/1B734A89-A1BF-49A8-A1D3-66FAFA4FAC5D.jpeg,1.5,
level_2.0/10.1016-slash-j.hrcr.2020.04.015-a.png,2,
level_2.0/nejmoa2004500_f1-a.png,2,
level_2.0/16706_1_1.png,2,
level_2.0/COVID-19(190).png,2,
level_2.0/5782ae15.jpg,2,
level_2.0/COVID-00022.jpg,2,
level_2.0/fff49165-b22d-4bb4-b9d1-d5d62c52436c.annot.original.png,2,
level_2.0/article_river_e4d185c06e3511eaa2321d8ab357a1de-c1mn.png,2,
level_2.0/0a7faa2a.jpg,2,
level_2.0/bfefde5d.jpg,2,
level_2.0/COVID-19(189).png,2,
level_2.0/bd3ceeb6.jpg,2,
level_2.0/2-chest-filmc.jpg,2,
level_2.0/16953_1_1.jpg,2,
level_2.0/COVID-19(173).png,2,
level_2.0/9C34AF49-E589-44D5-92D3-168B3B04E4A6.jpeg,2,
level_2.0/MERS-CoV-1-s2.0-S0378603X1500248X-gr4e.jpg,2,
level_2.0/AR-2.jpg,2,
level_2.0/covid-19-caso-86-Rx-torace-1.jpg,2,
level_2.0/4ad30bc6-2da0-4f84-bc9b-62acabfd518a.annot.original.png,2,
level_2.0/16674_1_1.jpg,2,
level_2.0/16664_1_1.jpg,2,
level_2.0/COVID-19 (36).png,2,
level_2.0/DX.1.2.840.113564.1722810162.20200322024635362290.1203801020003.png,2,
level_2.0/covid-19-pneumonia-30-PA.jpg,2,
level_2.0/COVID-19(156).png,2,
level_2.0/COVID-19 (21).png,2,
level_2.0/4d98e1de.jpg,2,
level_2.0/radiol.2020201160.fig2c.jpeg,2,
level_2.0/FE9F9A5D-2830-46F9-851B-1FF4534959BE.jpeg,2,
level_2.0/CR.1.2.840.113564.1722810170.20200408094743609850.1003000225002.png,2,
level_2.0/CR.1.2.840.113564.1722810170.20200318082923328940.1003000225002.png,2,
level_2.0/CR.1.2.840.113564.1722810170.20200321172326140930.1003000225002.png,2,
level_2.0/1880e301.jpg,2,
level_2.0/1052b0fe.jpg,2,
level_2.0/16953_4_1.jpg,2,
level_2.0/e1a4f870.jpg,2,
level_2.0/11547_2020_1200_Fig2_HTML-a.png,2,
level_2.0/ec083e35.jpg,2,
level_2.0/COVID-19 (44).png,2,
level_2.0/COVID-19 (61).png,2,
level_2.0/radiol.2020201160.fig3b.jpeg,2,
level_2.0/COVID-19(191).png,2,
level_2.0/DX.1.2.840.113564.1722810162.20200405112431725920.1203801020003.png.bmp,2,
level_2.0/1-s2.0-S0378603X1500248X-gr4a.jpg,2,
level_2.5/5A78BCA9-5B7A-440D-8A4E-AE7710EA6EAD.jpeg,2.5,
level_2.5/covid-19-pneumonia-7-PA.jpg,2.5,
level_2.5/1-s2.0-S1684118220300372-gr1_lrg-b.png,2.5,
level_2.5/DX.1.2.840.113564.1722810162.20200322102521497410.1203801020003.png,2.5,
level_2.5/e1446fe8.jpg,2.5,
level_2.5/DX.1.2.840.113564.1722810162.20200409104802496810.1203801020003.png.bmp,2.5,
level_2.5/d009d61f.jpg,2.5,
level_2.5/auntminnie-b-2020_01_28_23_51_6665_2020_01_28_Vietnam_coronavirus.jpeg,2.5,
level_2.5/COVID-19(152).png,2.5,
level_2.5/CR.1.2.840.113564.192168196.2020040116564476574.1203801020003.png,2.5,
level_2.5/covid-19-caso-70-2-APS.jpg,2.5,
level_2.5/16708_5_1.jpg,2.5,
level_2.5/bd10d5e2.jpg,2.5,
level_2.5/COVID-00015b.png,2.5,
level_2.5/da9e9aac-de8c-44c7-ba57-e7cc8e4caaba.annot.original.jpeg,2.5,
level_2.5/DX.1.2.840.113564.1722810162.20200409093935803690.1203801020003.png.bmp,2.5,
level_2.5/4e43e48d52c9e2d4c6c1fb9bc1544f_jumbo.jpeg,2.5,
level_2.5/11547_2020_1202_Fig1_HTML-b.png,2.5,
level_2.5/1-s2.0-S2387020620301959-gr3_lrg-a.png,2.5,
level_2.5/DX.1.2.840.113564.1722810162.20200405142816863980.1203801020003.png,2.5,
level_2.5/446B2CB6-B572-40AB-B01F-1910CA07086A.jpeg,2.5,
level_3.0/270_2020_2470_Fig1_HTML-b.png,3,
level_3.0/CR.1.2.840.113564.1722810170.20200403211237078970.1003000225002.png,3,
level_3.0/1-s2.0-S0378603X1500248X-gr2b.jpg,3,
level_3.0/CR.1.2.840.113564.1722810170.202004040240155151.1003000225002.png,3,
level_3.0/COVID-19(167).png,3,
level_3.0/fx1_lrg.jpg,3,
level_3.0/covid-19-pneumonia-67.jpeg,3,
level_3.0/1-s2.0-S2214250920300834-gr1_lrg-c.png,3,
level_3.0/kjr-21-e24-g002-l-a.jpg,3,
level_3.0/DX.1.2.840.113564.1722810162.202004071718231126.1203801020003.png,3,
level_3.0/COVID-19 (46).png,3,
level_3.0/DX.1.2.840.113564.1722810162.20200401122015054240.1203801020003.png,3,
level_3.0/COVID-19 (117).png,3,
level_3.0/11547_2020_1203_Fig1_HTML-c.png,3,
level_3.0/39EE8E69-5801-48DE-B6E3-BE7D1BCF3092.jpeg,3,
level_3.0/CR.1.2.840.113564.1722810170.20200327151518468570.1003000225002.png,3,
level_3.0/80446565-E090-4187-A031-9D3CEAA586C8.jpeg,3,
level_3.0/1-s2.0-S2531043720300921-gr1.png,3,
level_3.0/1-s2.0-S2214250920300834-gr1_lrg-b.png,3,
level_3.0/CR.1.2.840.113564.1722810170.202003211812003285.1003000225002.png,3,
level_3.0/10.1016-slash-j.healun.2020.04.004.jpg.png,3,
level_3.0/262a70ca.jpg,3,
level_3.0/DX.1.2.840.113564.1722810162.20200325102716421950.1203801020003.png,3,
level_3.0/1-s2.0-S0140673620303706-fx1_lrg.jpg,3,
level_3.0/1-s2.0-S1521661620303314-gr1_lrg-b.png,3,
level_3.0/covid-19-caso-82-1-8.png,3,
level_3.0/CR.1.2.840.113564.1722810170.20200416110930703890.1003000225002.png,3,
level_3.0/radiol.2020201160.fig3d.jpeg,3,
level_3.0/COVID-19(166).png,3,
level_3.0/radiol.2020201160.fig3a.jpeg,3,
level_3.0/radiol.2020200490.fig3.jpeg,3,
level_3.0/COVID-19 (22).png,3,
level_3.0/CR.1.2.840.113564.1722810170.20200321002029359840.1003000225002.png,3,
level_3.0/23E99E2E-447C-46E5-8EB2-D35D12473C39.png,3,
level_3.0/11547_2020_1203_Fig1_HTML-a.png,3,
level_3.0/1-s2.0-S0378603X1500248X-gr4c.jpg,3,
level_3.0/SARS-10.1148rg.242035193-g04mr34g09a-Fig9a-day17.jpeg,3,
level_3.0/DX.1.2.840.113564.1722810162.20200325102716421950.1203801020003.png.bmp,3,
level_3.0/COVID-19(150).png,3,
level_3.0/CR.1.2.840.113564.1722810170.20200403175115515840.1003000225002.png,3,
level_3.0/COVID-19 (114).png,3,
level_3.5/1-s2.0-S0085253820303616-gr1_lrg-b.png,3.5,
level_3.5/CR.1.2.840.113564.1722810170.20200322194859750610.1003000225002.png,3.5,
level_3.5/DX.1.2.840.113564.1722810162.20200327160432430120.1203801020003.png,3.5,
level_3.5/16663_1_1.jpg,3.5,
level_3.5/covid-19-caso-70-1-PA.jpg,3.5,
level_3.5/article_river_c79329e06dff11eab69c95940c7c0d00-CXR-D1-COVID19.png,3.5,
level_3.5/covid-19-pneumonia-58-day-7.jpg,3.5,
level_3.5/COVID-00008.jpg,3.5,
level_3.5/auntminnie-d-2020_01_28_23_51_6665_2020_01_28_Vietnam_coronavirus.jpeg,3.5,
level_3.5/covid-19-pneumonia-progression-and-regression-day1.jpg,3.5,
level_3.5/93FE0BB1-022D-4F24-9727-987A07975FFB.jpeg,3.5,
level_3.5/covid-19-pneumonia-23-day3.jpg,3.5,
level_3.5/COVID-00011.jpg,3.5,
level_3.5/COVID-00043b.jpg,3.5,
level_3.5/DX.1.2.840.113564.1722810162.20200415105839964650.1203801020003.png.bmp,3.5,
level_3.5/3b66f98f30636b2e1fb42c1d0f18a8_jumbo.jpeg,3.5,
level_3.5/DX.1.2.840.113564.1722810162.20200326172257446270.1203801020003.png,3.5,
level_3.5/11547_2020_1203_Fig1_HTML-b.png,3.5,
level_3.5/covid-19-caso-99-1-19.png,3.5,
level_3.5/8eda8be6369c87e0899f6d1642e97b_jumbo.jpeg,3.5,
level_3.5/DX.1.2.840.113564.1722810162.20200326172257446270.1203801020003.png.bmp,3.5,
level_3.5/03BF7561-A9BA-4C3C-B8A0-D3E585F73F3C.jpeg,3.5,
level_3.5/C6EA0BE5-B01E-4113-B194-18D956675E25.jpeg,3.5,
level_3.5/DX.1.2.840.113564.1722810162.20200415105839964650.1203801020003.png,3.5,
level_3.5/0a6c60063b4bae4de001caaba306d1_jumbo.jpeg,3.5,
level_4.0/COVID-00006.jpg,4,
level_4.0/6b3bdbc31f65230b8cdcc3cef5f8ba8a-40ac-0.jpg,4,
level_4.0/7AF6C1AF-D249-4BD2-8C26-449304105D03.jpeg,4,
level_4.0/16654_2_1.jpg,4,
level_4.0/7-fatal-covid19.jpg,4,
level_4.0/covid-19-pneumonia-23-day1.jpg,4,
level_4.0/1.CXRCTThoraximagesofCOVID-19fromSingapore.pdf-003-fig4b.png,4,
level_4.0/COVID-19 (67).png,4,
level_4.0/ryct.2020200034.fig5-day4.jpeg,4,
level_4.0/88de9d8c39e946abd495b37cd07d89e5-6531-0.jpg,4,
level_4.0/SARS-10.1148rg.242035193-g04mr34g07b-Fig7b-day12.jpeg,4,
level_4.0/COVID-19(218).png,4,
level_4.0/1-s2.0-S0196070920301691-gr3_lrg.jpg,4,
level_4.0/COVID-00012.jpg,4,
level_4.0/COVID-19 (68).png,4,
level_4.0/COVID-19 (62).png,4,
level_4.0/COVID-19 (69).png,4,
level_4.0/COVID-19 (90).png,4,
level_4.0/3dedeb92.jpg,4,
level_4.0/1.CXRCTThoraximagesofCOVID-19fromSingapore.pdf-003-fig4a.png,4,
level_4.0/radiol.2020201160.fig2d.jpeg,4,
level_4.0/COVID-00038.jpg,4,
level_4.0/COVID-19 (82).png,4,
level_4.0/CR.1.2.840.113564.1722810170.20200324165957625920.1003000225002.png,4,
level_4.0/COVID-00032.jpg,4,
level_4.0/COVID-19 (45).png,4,
level_4.0/COVID-19(178).png,4,
level_4.0/1-s2.0-S2387020620301959-gr4_lrg-c.png,4,
level_4.0/COVID-19(203).png,4,
level_4.0/covid-19-caso-94-1-14.png,4,
level_4.0/53EC07C9-5CC6-4BE4-9B6F-D7B0D72AAA7E.jpeg,4,
level_4.0/covid-19-pneumonia-20-pa-on-admission.jpg,4,
level_4.0/COVID-19(168).png,4,
level_4.0/COVID-19(170).png,4,
level_4.0/85E52EB3-56E9-4D67-82DA-DEA247C82886.jpeg,4,
level_4.0/COVID-00016.jpg,4,
level_4.0/16747_1_1.jpg,4,
level_4.0/covid-19-pneumonia-22-day1-pa.png,4,
level_4.0/be835db3a56b5f76d607061dbb82a5_jumbo.jpeg,4,
level_4.0/COVID-19 (49).png,4,
level_4.0/16672_1_1.jpg,4,
level_4.0/covid-19-pneumonia-20.jpg,4,
level_4.0/DX.1.2.840.113564.1722810162.20200331100140006240.1203801020003.png.bmp,4,
level_4.0/A7E260CE-8A00-4C5F-A7F5-27336527A981.jpeg,4,
level_4.0/COVID-19 (86).png,4,
level_4.0/1-s2.0-S0735675720302746-gr1_lrg.jpg,4,
level_4.0/COVID-19(171).png,4,
level_4.0/db96a050.jpg,4,
level_4.0/COVID-19 (85).png,4,
level_4.0/SARS-10.1148rg.242035193-g04mr34g07a-Fig7a-day5.jpeg,4,
level_4.0/14d81f378173b86cc53f21d2d67040_jumbo.jpeg,4,
level_4.0/fedd6c94d5dbd12d88c81a1020a3e4_jumbo.jpeg,4,
level_4.0/COVID-00029.jpg,4,
level_4.0/COVID-19(180).png,4,
level_4.0/covid-19-pneumonia-49-day4.jpg,4,
level_4.0/1-s2.0-S2387020620301959-gr4_lrg-b.png,4,
level_4.0/1.CXRCTThoraximagesofCOVID-19fromSingapore.pdf-002-fig3b.png,4,
level_4.0/COVID-00017.jpg,4,
level_4.0/CR.1.2.840.113564.1722810170.20200325212815187370.1003000225002.png,4,
level_4.0/COVID-19(188).png,4,
level_4.0/171CB377-62FF-4B76-906C-F3787A01CB2E.jpeg,4,
level_4.0/10.1016-slash-j.crad.2020.04.002-a.png,4,
level_4.0/f8335316.jpg,4,
level_4.0/wong-0003.jpg,4,
level_4.0/COVID-19 (66).png,4,
level_4.5/1312A392-67A3-4EBF-9319-810CF6DA5EF6.jpeg,4.5,
level_4.5/covid-19-pneumonia-44-day-8.jpeg,4.5,
level_4.5/16747_3_1.jpg,4.5,
level_4.5/2C26F453-AF3B-4517-BB9E-802CF2179543.jpeg,4.5,
level_4.5/covid-19-pneumonia-24-day7.jpg,4.5,
level_4.5/11547_2020_1203_Fig1_HTML-d.png,4.5,
level_4.5/1-s2.0-S1931312820301852-gr1_lrg-a.png,4.5,
level_4.5/88de9d8c39e946abd495b37cd07d89e5-2ee6-0.jpg,4.5,
level_4.5/16755_3_1.jpg,4.5,
level_4.5/11547_2020_1202_Fig1_HTML-a.png,4.5,
level_4.5/16744_1_1.jpg,4.5,
level_4.5/16708_4_1.jpg,4.5,
level_4.5/2B8649B2-00C4-4233-85D5-1CE240CF233B.jpeg,4.5,
level_4.5/1141cc2b8b9cc394becce5d978b5a7_jumbo.jpeg,4.5,
level_4.5/gr2_lrg-a.png,4.5,
level_4.5/COVID-19 (16).png,4.5,
level_4.5/10.1016-slash-j.jhin.2020.03.036.png,4.5,
level_4.5/F4341CE7-73C9-45C6-99C8-8567A5484B63.jpeg,4.5,
level_4.5/08ed451c576ee00935ee178ec85c57_jumbo-1.jpeg,4.5,
level_4.5/1-s2.0-S0929664620300449-gr2_lrg-a.jpg,4.5,
level_4.5/6CB4EFC6-68FA-4CD5-940C-BEFA8DAFE9A7.jpeg,4.5,
level_4.5/865336ed.jpg,4.5,
level_5.0/ae6c954c0039de4b5edee53865ffee43-e6c8-0.jpg,5,
level_5.0/2C10A413-AABE-4807-8CCE-6A2025594067.jpeg,5,
level_5.0/1-s2.0-S0378603X1500248X-gr3d.jpg,5,
level_5.0/DX.1.2.840.113564.1722810162.202003281918584533.1203801020003.png.bmp,5,
level_5.0/B59DD164-51D5-40DF-A926-6A42DD52EBE8.jpeg,5,
level_5.0/48c4542c.jpg,5,
level_5.0/COVID-19 (29).png,5,
level_5.0/COVID-19 (33).png,5,
level_5.0/ryct.2020003.fig2-b.png,5,
level_5.0/covid-19-pneumonia-49-day8.jpg,5,
level_5.0/16724_1_1.jpg,5,
level_5.0/10.1016-slash-j.anl.2020.04.002-c.png,5,
level_5.0/COVID-19(199).png,5,
level_5.0/covid-19-pneumonia-93.png,5,
level_5.0/16747_2_1.jpg,5,
level_5.0/2966893D-5DDF-4B68-9E2B-4979D5956C8E.jpeg,5,
level_5.0/10.1016-slash-j.anl.2020.04.002-b.png,5,
level_5.0/67d668e570c242404ba82c7cbe2ca8f2-05be-0.jpg,5,
level_5.0/COVID-19 (38).png,5,
level_5.0/COVID-19 (81).png,5,
level_5.0/covid-19-pneumonia-evolution-over-a-week-1-day4.jpg,5,
level_5.0/COVID-19(198).png,5,
level_5.0/covid-19-pneumonia-42.jpeg,5,
level_5.0/COVID-19 (97).png,5,
level_5.0/4cb2f877226f5e02b3064e1e52075f_jumbo.jpeg,5,
level_5.0/COVID-19 (5).png,5,
level_5.0/COVID-19(158).png,5,
level_5.0/68_2020_1364_Fig1_HTML-a.png,5,
level_5.0/post-intubuation-pneumomediastium-and-pneumothorax-background-covid-19-pneumonia-day7.jpg,5,
level_5.0/071d06607edf81d70c940e043bce34_jumbo.jpeg,5,
level_5.0/extubation-8.jpg,5,
level_5.0/COVID-19 (94).png,5,
level_5.0/78b60346d1b3bce85353b6dc462d75_jumbo.jpeg,5,
level_5.0/COVID-19 (95).png,5,
level_5.0/50e51fcefaa760d0757eeae6eb0858_jumbo.jpeg,5,
level_5.0/COVID-00030.jpg,5,
level_5.0/COVID-19(148).png,5,
level_5.0/1-s2.0-S2214250920300706-gr2_lrg.jpg,5,
level_5.0/nejmoa2001017_f1-a.png,5,
level_5.0/CR.1.2.840.113564.1722810170.20200416105826265860.1003000225002.png,5,
level_5.0/all14238-fig-0002-m-e.jpg,5,
level_5.0/covid-19-pneumonia-evolution-over-a-week-1-day6.jpg,5,
level_5.0/COVID-19 (99).png,5,
level_5.0/e73d6e89fcd781b8afd159cf533358_jumbo-1.jpeg,5,
level_5.0/10.1016-slash-j.chest.2020.04.024.png,5,
level_5.0/lightbox_78f27a80685411ea93cde791fb7cd172-CXR.png,5,
level_5.0/01E392EE-69F9-4E33-BFCE-E5C968654078.jpeg,5,
level_5.0/COVID-19 (6).png,5,
level_5.0/10.1016-slash-j.cardfail.2020.04.007-b.png,5,
level_5.0/16660_3_1.jpg,5,
level_5.0/1-s2.0-S1684118220300608-main.pdf-001.jpg,5,
level_5.0/jkms-35-e79-g001-l-c.jpg,5,
level_5.0/7867b1aa2d1241045c917f07a9e683_jumbo.jpeg,5,
level_5.0/ryct.2020200034.fig5-day7.jpeg,5,
level_5.0/nejmoa2004500_f1-b.png,5,
level_5.0/b39f5cf9.jpg,5,
level_5.0/kjr-21-e24-g001-l-a.jpg,5,
level_5.0/COVID-19 (98).png,5,
level_5.0/81af553601a1bc1fdf81c99436a50b_jumbo.jpeg,5,
level_5.0/11547_2020_1200_Fig3_HTML-b.png,5,
level_5.0/16660_1_1.jpg,5,
level_5.0/11547_2020_1200_Fig2_HTML-b.png,5,
level_5.0/353889E0-A1E8-4F9E-A0B8-F24F36BCFBFB.jpeg,5,
level_5.0/paving.jpg,5,
level_5.0/41379_2020_536_Fig2_HTML-c1.png,5,
level_5.0/1-s2.0-S1341321X20301124-gr3_lrg-d.png,5,
level_5.0/COVID-19(136).png,5,
level_5.0/figure1-5e71be566aa8714a04de3386-98-left.jpeg,5,
level_5.0/figure1-5e73d7ae897e27ff066a30cb-98.jpeg,5,
level_5.0/CR.1.2.840.113564.1722810170.20200320071047906500.1003000225002.png,5,
level_5.0/covid-19-pneumonia-34.png,5,
level_5.0/extubation-4.jpg,5,
level_5.0/COVID-19 (2).png,5,
level_5.0/CR.1.2.840.113564.1722810170.20200407121512859570.1003000225002.png,5,
level_5.0/radiol.2020200274.fig3d.png,5,
level_5.0/COVID-19 (34).png,5,
level_5.0/CR.1.2.840.113564.1722810170.20200330111806125940.1003000225002.png,5,
level_5.0/DX.1.2.840.113564.1722810162.20200325130756972300.1203801020003.png.bmp,5,
level_5.0/882fd7ec99b523aead995d78f3129f_jumbo.jpeg,5,
level_5.0/covid-19-pneumonia-24-day12.jpg,5,
level_5.0/CR.1.2.840.113564.1722810170.20200321001546031810.1003000225002.png,5,
level_5.0/41182_2020_203_Fig4_HTML.jpg,5,
level_5.0/covid-19-pneumonia-evolution-over-a-week-1-day3.jpg,5,
level_5.0/COVID-19 (79).png,5,
level_5.0/COVID-19(207).png,5,
level_5.0/COVID-19 (3).png,5,
level_5.0/11547_2020_1203_Fig2_HTML-c.png,5,
level_5.0/2eadbbb367a0366d8c34350d083a83_jumbo.jpeg,5,
level_5.0/E63574A7-4188-4C8D-8D17-9D67A18A1AFA.jpeg,5,
level_5.0/extubation-13.jpg,5,
level_5.0/1-s2.0-S0085253820303616-gr1_lrg-a.png,5,
level_5.0/CR.1.2.840.113564.1722810170.20200320103403375580.1003000225002.png,5,
level_5.0/16669_1_1.jpeg,5,
level_5.0/COVID-19 (13).png,5,
level_5.0/COVID-00024.jpg,5,
level_5.0/covid-19-pneumonia-15-PA.jpg,5,
level_5.0/COVID-19 (4).png,5,
level_5.0/35b446ce.jpg,5,
level_5.0/lancet-case2a.jpg,5,
level_5.0/COVID-19 (80).png,5,
level_5.0/covid-19-pneumonia-23-day9.jpg,5,
level_5.0/COVID-19 (37).png,5,
level_5.0/post-intubuation-pneumomediastium-and-pneumothorax-background-covid-19-pneumonia-day6-2.jpg,5,
level_5.0/COVID-19(164).png,5,
level_5.0/COVID-19 (26).png,5,
level_5.0/SARS-10.1148rg.242035193-g04mr34g09b-Fig9b-day19.jpeg,5,
level_5.0/covid-19-caso-85-4-6.png,5,
level_5.0/covid-19-pneumonia-58-day-10.jpg,5,
level_5.0/afaa068f1.png,5,
level_5.0/COVID-19(205).png,5,
level_5.0/11547_2020_1203_Fig2_HTML-d.png,5,
level_5.0/COVID-00036.jpg,5,
level_5.0/COVID-19(209).png,5,
level_5.5/COVID-00037.jpg,5.5,
level_5.5/c94ef38ddb2d94aa11828716777139_jumbo.jpeg,5.5,
level_5.5/article_river_1a00a3c07ea311eab70491c6fb93d336-figure-2.png,5.5,
level_5.5/4fcafe41.jpg,5.5,
level_5.5/covid-19-pneumonia-101.png,5.5,
level_5.5/covid-19-pneumonia-58-day-9.jpg,5.5,
level_5.5/1-s2.0-S1341321X20301124-gr3_lrg-e.png,5.5,
level_5.5/c0f74558.jpg,5.5,
level_5.5/COVID-19 (115).png,5.5,
level_5.5/16660_2_1.jpg,5.5,
level_5.5/3eaf15de91d4ff55e6fb0e04cadb81_jumbo.jpeg,5.5,
level_5.5/c17cdd3972b233b97770bb57f7bba6_jumbo.jpeg,5.5,
level_5.5/covid-19-pneumonia-28.png,5.5,
level_5.5/COVID-19 (129).png,5.5,
level_5.5/covid-19-caso-86-RX-Torace-2.jpg,5.5,
level_5.5/covid-19-pneumonia-43-day0.jpeg,5.5,
level_5.5/078d2e0b3e4fec1d603efb0e818c31_jumbo.jpeg,5.5,
level_5.5/16669_3_1.jpeg,5.5,
level_5.5/1-s2.0-S1341321X20301124-gr3_lrg-c.png,5.5,
level_5.5/527321ee.jpg,5.5,
level_5.5/aqaa062i0002-b.png,5.5,
level_5.5/COVID-19 (14).png,5.5,
level_5.5/article_river_2a361d607ea311ea95dbcf0c95d13492-figure-4.png,5.5,
level_5.5/5ed7d0109672bdd3d58a7db7841f6a_jumbo.jpeg,5.5,
level_5.5/10.1016-slash-j.cardfail.2020.04.007-a.png,5.5,
level_5.5/CR.1.2.840.113564.1722810170.20200402113955515630.1003000225002.png,5.5,
level_5.5/16883_1_1.png,5.5,
level_5.5/covid-19-rapidly-progressive-acute-respiratory-distress-syndrome-ards-admission.jpg,5.5,
level_5.5/00870a9c.jpg,5.5,
level_5.5/d9d6ca9a.jpg,5.5,
level_5.5/COVID-19 (133).png,5.5,
level_5.5/CR.1.2.840.113564.1722810170.20200405065153640420.1003000225002.png,5.5,
level_5.5/covid-19-pneumonia-43-day2.jpeg,5.5,
level_5.5/covid-19-pneumonia-22-day2-pa.png,5.5,
level_5.5/covid-19-rapidly-progressive-acute-respiratory-distress-syndrome-ards-day-2.jpg,5.5,
level_5.5/covid-19-caso-85-5-4.png,5.5,
level_5.5/CR.1.2.840.113564.1722810170.20200416020138312830.1003000225002.png,5.5,
level_5.5/90070cbc.jpg,5.5,
level_5.5/11547_2020_1200_Fig3_HTML-c.png,5.5,
level_5.5/68_2020_1364_Fig1_HTML-b.png,5.5,
level_5.5/4fed5061.jpg,5.5,
level_5.5/7E335538-2F86-424E-A0AB-6397783A38D0.jpeg,5.5,
level_5.5/COVID-19(143).png,5.5,
level_5.5/16654_4_1.jpg,5.5,
level_5.5/COVID-19(145).png,5.5,
level_5.5/CR.1.2.840.113564.1722810170.20200320072856343530.1003000225002.png,5.5,
level_5.5/F63AB6CE-1968-4154-A70F-913AF154F53D.jpeg,5.5,
level_5.5/436a6348.jpg,5.5,
level_5.5/covid-19-pneumonia-19.jpg,5.5,
level_5.5/CR.1.2.840.113564.1722810170.20200320011259312440.1003000225002.png,5.5,
level_5.5/1-s2.0-S2214250920300706-gr5_lrg.jpg,5.5,
level_5.5/B2D20576-00B7-4519-A415-72DE29C90C34.jpeg,5.5,
level_5.5/333932bd.jpg,5.5,
level_5.5/887db78f.jpg,5.5,
level_5.5/article_river_de7471906e0011eabe5f9363acaf45c4-covid-cxr-2.png,5.5,
level_5.5/1-s2.0-S0889159120306851-gr2b_lrg.jpg,5.5,
level_6.0/all14238-fig-0002-m-f.jpg,6,
level_6.0/COVID-19(211).png,6,
level_6.0/COVID-00025.jpg,6,
level_6.0/1-s2.0-S0378603X1500248X-gr2d.jpg,6,
level_6.0/556e19b9d38e2199dfa8722ddff25f_jumbo.jpeg,6,
level_6.0/16673_2_1.jpg,6,
level_6.0/ee2d1bf6.jpg,6,
level_6.0/covid-19-pneumonia-progression-and-regression-day11.jpg,6,
level_6.0/COVID-00035.jpg,6,
level_6.0/DX.1.2.840.113564.1722810162.202003241226081857.1203801020003.png.bmp,6,
level_6.0/2d8a60a26381b256a5a6373708950e_jumbo.jpeg,6,
level_6.0/COVID-19 (50).png,6,
level_6.0/6770dac454c45c86bc6c2d6193b177_jumbo.jpeg,6,
level_6.0/COVID-19 (109).png,6,
level_6.0/3248cc61.jpg,6,
level_6.0/1-s2.0-S1521661620303314-gr1_lrg-a.png,6,
level_6.0/SARS-10.1148rg.242035193-g04mr34g09c-Fig9c-day27.jpeg,6,
level_6.0/covid-19-pneumonia-progression-and-regression-day13.jpg,6,
level_6.0/DX.1.2.840.113564.1722810162.20200420135116095500.1203801020003.png,6,
level_6.0/covid-19-pneumonia-41-day-2.jpg,6,
level_6.0/1-s2.0-S0929664620300449-gr2_lrg-d.jpg,6,
level_6.0/wong-0005.jpg,6,
level_6.0/SARS-10.1148rg.242035193-g04mr34g0-Fig8b-day5.jpeg,6,
level_6.0/covid-19-pneumonia-40.jpg,6,
level_6.0/covid-19-pneumonia-12.jpg,6,
level_6.0/f44373474437c99b2740062c914438_jumbo.jpeg,6,
level_6.0/1-s2.0-S0929664620300449-gr2_lrg-b.jpg,6,
level_6.0/thnov10p5641g006-c.png,6,
level_6.0/ajr.20.23034.pdf-001.png,6,
level_6.0/68_2020_1364_Fig1_HTML-c.png,6,
level_6.0/COVID-19 (70).png,6,
level_6.0/covid-19-pneumonia-progression-and-regression-day28.jpg,6,
level_6.0/3fd337c1.jpg,6,
level_6.0/5e6dd879fde9502400e58b2f.jpeg,6,
level_6.0/COVID-00033.jpg,6,
level_6.0/nejmoa2001017_f1-b.png,6,
level_6.0/all14238-fig-0002-m-d.jpg,6,
level_6.0/F2DE909F-E19C-4900-92F5-8F435B031AC6.jpeg,6,
level_6.0/31BA3780-2323-493F-8AED-62081B9C383B.jpeg,6,
level_6.0/6C94A287-C059-46A0-8600-AFB95F4727B7.jpeg,6,
level_6.0/1-s2.0-S2213716520301168-gr1_lrg-a.png,6,
level_6.0/COVID-00001.jpg,6,
level_6.0/11547_2020_1203_Fig2_HTML-b.png,6,
level_6.0/16858_1_1.png,6,
level_6.0/covid-19-pneumonia-progression-and-regression-day20.jpg,6,
level_6.0/covid-19-pneumonia-rapidly-progressive-12-hours.jpg,6,
level_6.0/1-s2.0-S0378603X1500248X-gr2c.jpg,6,
level_6.0/all14238-fig-0001-m-c.jpg,6,
level_6.0/SARS-10.1148rg.242035193-g04mr34g0-Fig8a-day0.jpeg,6,
level_6.0/COVID-00043a.jpg,6,
level_6.0/COVID-00039c.jpg,6,
level_6.0/COVID-19(160).png,6,
level_6.0/SARS-10.1148rg.242035193-g04mr34g0-Fig8c-day10.jpeg,6,
level_6.0/gr2_lrg-c.png,6,
level_6.0/covid-19-rapidly-progressive-acute-respiratory-distress-syndrome-ards-day-3.jpg,6,
level_6.0/COVID-00046.png,6,
level_6.0/f46a9bfc7222e61e099a25ab9267da_jumbo.jpeg,6,
level_6.0/1-s2.0-S2213716520301168-gr1_lrg-b.png,6,
level_6.0/COVID-00039b.jpg,6,
level_6.0/COVID-00039a.jpg,6,
level_6.0/41379_2020_536_Fig2_HTML-c2.png,6,
level_6.0/lancet-case2b.jpg,6,
level_6.0/all14238-fig-0001-m-b.jpg,6,
level_6.0/16660_5_1.jpg,6,
level_6.0/covid-19-pneumonia-progression-and-regression-day24.jpg,6,
level_6.0/16858_3_1.png,6,
level_6.0/COVID-00021.jpg,6,
level_6.0/67d668e570c242404ba82c7cbe2ca8f2-0015-0.jpg,6,
level_6.0/covid-19-pneumonia-rapidly-progressive-3-days.jpg,6,
level_6.0/483f2ad8.jpg,6,
level_6.0/COVID-00027.jpg,6,
level_6.0/covid-19-pneumonia-progression-and-regression-day6.jpg,6,
level_6.0/1-s2.0-S0929664620300449-gr2_lrg-c.jpg,6,
level_6.0/COVID-19(163).png,6,
level_6.0/41182_2020_203_Fig5_HTML.jpg,6,
level_6.0/16660_4_1.jpg,6,
level_6.0/covid-19-rapidly-progressive-acute-respiratory-distress-syndrome-ards-day-1.jpg,6,
level_6.0/COVID-19 (96).png,6,
level_6.0/gr2_lrg-b.png,6,
level_6.0/COVID-00026.jpg,6,
level_6.0/2edb88df42cab5e5fbc18b3965e0bd_jumbo.jpeg,6,
level_6.0/CR.1.2.840.113564.1722810170.20200329171322703880.1003000225002.png,6,
